# ************************************************************
# Sequel Pro SQL dump
# Version 4541
#
# http://www.sequelpro.com/
# https://github.com/sequelpro/sequelpro
#
# Hôte: 127.0.0.1 (MySQL 5.5.5-10.4.12-MariaDB-1:10.4.12+maria~bionic)
# Base de données: etxaldebot
# Temps de génération: 2020-05-28 11:53:56 +0000
# ************************************************************


/*!40101 SET @OLD_CHARACTER_SET_CLIENT=@@CHARACTER_SET_CLIENT */;
/*!40101 SET @OLD_CHARACTER_SET_RESULTS=@@CHARACTER_SET_RESULTS */;
/*!40101 SET @OLD_COLLATION_CONNECTION=@@COLLATION_CONNECTION */;
/*!40101 SET NAMES utf8 */;
/*!40014 SET @OLD_FOREIGN_KEY_CHECKS=@@FOREIGN_KEY_CHECKS, FOREIGN_KEY_CHECKS=0 */;
/*!40101 SET @OLD_SQL_MODE=@@SQL_MODE, SQL_MODE='NO_AUTO_VALUE_ON_ZERO' */;
/*!40111 SET @OLD_SQL_NOTES=@@SQL_NOTES, SQL_NOTES=0 */;


# Affichage de la table cat_generale
# ------------------------------------------------------------

DROP TABLE IF EXISTS `cat_generale`;

CREATE TABLE `cat_generale` (
  `id` int(11) NOT NULL AUTO_INCREMENT,
  `nom` char(100) NOT NULL,
  PRIMARY KEY (`id`)
) ENGINE=InnoDB DEFAULT CHARSET=utf8;

LOCK TABLES `cat_generale` WRITE;
/*!40000 ALTER TABLE `cat_generale` DISABLE KEYS */;

INSERT INTO `cat_generale` (`id`, `nom`)
VALUES
	(1,'fromages et produits laitiers'),
	(2,'fruits et légumes'),
	(3,'viandes'),
	(4,'boissons'),
	(5,'autres');

/*!40000 ALTER TABLE `cat_generale` ENABLE KEYS */;
UNLOCK TABLES;


# Affichage de la table cat_produits
# ------------------------------------------------------------

DROP TABLE IF EXISTS `cat_produits`;

CREATE TABLE `cat_produits` (
  `id` int(11) NOT NULL AUTO_INCREMENT,
  `categ` char(100) NOT NULL,
  `bio` int(11) NOT NULL,
  `fk_cat_gen_id` int(11) DEFAULT NULL,
  PRIMARY KEY (`id`),
  KEY `fk_cat_gen_id` (`fk_cat_gen_id`),
  CONSTRAINT `cat_produits_ibfk_1` FOREIGN KEY (`fk_cat_gen_id`) REFERENCES `cat_generale` (`id`)
) ENGINE=InnoDB DEFAULT CHARSET=utf8;

LOCK TABLES `cat_produits` WRITE;
/*!40000 ALTER TABLE `cat_produits` DISABLE KEYS */;

INSERT INTO `cat_produits` (`id`, `categ`, `bio`, `fk_cat_gen_id`)
VALUES
	(1,'fromage de brebis aop ossau iraty',0,1),
	(2,'viande ovine',0,3),
	(3,'poulet',0,3),
	(4,'miel',0,5),
	(5,'fromage de chevre',0,1),
	(6,'viande bovine',0,3),
	(7,'piment d espelette bio',1,5),
	(8,'viande bovine bio',1,3),
	(9,'viande ovine bio',1,3),
	(10,'arto gorria mais grand roux basque',0,5),
	(11,'miel bio',1,5),
	(12,'fromage de vache et produits laitiers',0,1),
	(13,'produits laitiers',0,1),
	(14,'fromage de chevre bio',1,1),
	(15,'porc',0,3),
	(16,'fromage de brebis bio',1,1),
	(17,'fruits bio',1,2),
	(18,'fromage vache bio',1,1),
	(19,'legumes',0,2),
	(20,'pigeonneaux',0,3),
	(21,'oeufs bio',1,5),
	(22,'canard gras',0,3),
	(23,'oeufs',0,5),
	(24,'cidre et jus de pomme',0,4),
	(25,'fruits',0,2),
	(26,'legumes bio',1,2),
	(27,'porc bio',1,3),
	(28,'cidre et jus de pomme bio',1,4),
	(29,'vin d irouleguy',0,4),
	(30,'produits laitiers bios',1,1),
	(31,'glace au lait de brebis',0,1),
	(32,'plantes aromatiques bio',1,5),
	(33,'plantes aromatiques et médicinales',0,5);

/*!40000 ALTER TABLE `cat_produits` ENABLE KEYS */;
UNLOCK TABLES;


# Affichage de la table communes
# ------------------------------------------------------------

DROP TABLE IF EXISTS `communes`;

CREATE TABLE `communes` (
  `id` int(11) NOT NULL AUTO_INCREMENT,
  `nom` char(50) NOT NULL,
  `nom_slug` char(50) NOT NULL,
  `code_postal` char(6) DEFAULT NULL,
  `longitude` char(30) DEFAULT NULL,
  `latitude` char(30) DEFAULT NULL,
  PRIMARY KEY (`id`)
) ENGINE=InnoDB DEFAULT CHARSET=utf8;

LOCK TABLES `communes` WRITE;
/*!40000 ALTER TABLE `communes` DISABLE KEYS */;

INSERT INTO `communes` (`id`, `nom`, `nom_slug`, `code_postal`, `longitude`, `latitude`)
VALUES
	(1,'Aast','aast','64460','43.283333','-0.083333'),
	(2,'Abère','abere','64160','43.383333','-0.166667'),
	(3,'Abidos','abidos','64150','43.4','-0.616667'),
	(4,'Abitain','abitain','64390','43.416667','-0.983333'),
	(5,'Abos','abos','64360','43.35','-0.566667'),
	(6,'Accous','accous','64490','42.983333','-0.6'),
	(7,'Agnos','agnos','64400','43.166667','-0.616667'),
	(8,'Ahaxe-Alciette-Bascassan','ahaxe-alciette-bascassan','64220','43.15','-1.166667'),
	(9,'Ahetze','ahetze','64210','43.4','-1.566667'),
	(10,'Aïcirits-Camou-Suhast','aicirits-camou-suhast','64120','43.3367','0.976112'),
	(11,'Aincille','aincille','64220','43.15','-1.2'),
	(12,'Ainharp','ainharp','64130','43.266667','-0.933333'),
	(13,'Ainhice-Mongelos','ainhice-mongelos','64220','43.2','-1.15'),
	(14,'Ainhoa','ainhoa','64250','43.3','-1.5'),
	(15,'Alçay-Alçabéhéty-Sunharette','alcay-alcabehety-sunharette','64470','43.095','-0.908889'),
	(16,'Aldudes','aldudes','64430','43.1','-1.433333'),
	(17,'Alos-Sibas-Abense','alos-sibas-abense','64470','43.1192','-0.876111'),
	(18,'Amendeuix-Oneix','amendeuix-oneix','64120','43.35','-1.033333'),
	(19,'Amorots-Succos','amorots-succos','64120','43.366667','-1.1'),
	(20,'Ance','ance','64570','43.15','-0.7'),
	(21,'Andoins','andoins','64420','43.3','-0.233333'),
	(22,'Andrein','andrein','64390','43.383333','-0.9'),
	(23,'Angaïs','angais','64510','43.233333','-0.25'),
	(24,'Anglet','anglet','64600','43.483333','-1.533333'),
	(25,'Angous','angous','64190','43.3','-0.816667'),
	(26,'Anhaux','anhaux','64220','43.166667','-1.283333'),
	(27,'Anos','anos','64160','43.4','-0.283333'),
	(28,'Anoye','anoye','64350','43.4','-0.133333'),
	(29,'Aramits','aramits','64570','43.116667','-0.716667'),
	(30,'Arancou','arancou','64270','43.433333','-1.05'),
	(31,'Araujuzon','araujuzon','64190','43.366667','-0.816667'),
	(32,'Araux','araux','64190','43.35','-0.8'),
	(33,'Arbérats-Sillègue','arberats-sillegue','64120','43.35','-0.983333'),
	(34,'Arbonne','arbonne','64210','43.433333','-1.55'),
	(35,'Arbouet-Sussaute','arbouet-sussaute','64120','43.366667','-1'),
	(36,'Arbus','arbus','64230','43.333333','-0.5'),
	(37,'Arcangues','arcangues','64200','43.433333','-1.516667'),
	(38,'Aren','aren','64400','43.266667','-0.683333'),
	(39,'Aressy','aressy','64320','43.283333','-0.316667'),
	(40,'Arette','arette','64570','43.1','-0.716667'),
	(41,'Argagnon','argagnon','64300','43.45','-0.683333'),
	(42,'Argelos','argelos','64450','43.45','-0.35'),
	(43,'Arget','arget','64410','43.55','-0.533333'),
	(44,'Arhansus','arhansus','64120','43.25','-1.033333'),
	(45,'Armendarits','armendarits','64640','43.3','-1.166667'),
	(46,'Arnéguy','arneguy','64220','43.116667','-1.283333'),
	(47,'Arnos','arnos','64370','43.45','-0.533333'),
	(48,'Aroue-Ithorots-Olhaïby','aroue-ithorots-olhaiby','64120','43.3181','-0.9175'),
	(49,'Arrast-Larrebieu','arrast-larrebieu','64130','43.3','-0.85'),
	(50,'Arraute-Charritte','arraute-charritte','64120','43.4','-1.1'),
	(51,'Arricau-Bordes','arricau-bordes','64350','43.5','-0.133333'),
	(52,'Arrien','arrien','64420','43.316667','-0.15'),
	(53,'Arros-de-Nay','arros-de-nay','64800','43.1995','-0.286667'),
	(54,'Arrosès','arroses','64350','43.55','-0.116667'),
	(55,'Arthez-dAsson','arthez-dasson','64800','43.083333','-0.25'),
	(56,'Arthez-de-Béarn','arthez-de-bearn','64370','43.466667','-0.6'),
	(57,'Artigueloutan','artigueloutan','64420','43.266667','-0.25'),
	(58,'Artiguelouve','artiguelouve','64230','43.316667','-0.466667'),
	(59,'Artix','artix','64170','43.4','-0.55'),
	(60,'Arudy','arudy','64260','43.116667','-0.433333'),
	(61,'Arzacq-Arraziguet','arzacq-arraziguet','64410','43.533333','-0.416667'),
	(62,'Asasp-Arros','asasp-arros','64660','43.1223','-0.613889'),
	(63,'Ascain','ascain','64310','43.35','-1.616667'),
	(64,'Ascarat','ascarat','64220','43.166667','-1.25'),
	(65,'Assat','assat','64510','43.25','-0.3'),
	(66,'Asson','asson','64800','43.15','-0.25'),
	(67,'Aste-Béon','aste-beon','64260','43.016667','-0.416667'),
	(68,'Astis','astis','64450','43.433333','-0.333333'),
	(69,'Athos-Aspis','athos-aspis','64390','43.4','-0.966667'),
	(70,'Aubertin','aubertin','64290','43.266667','-0.483333'),
	(71,'Aubin','aubin','64230','43.433333','-0.416667'),
	(72,'Aubous','aubous','64330','43.566667','-0.133333'),
	(73,'Audaux','audaux','64190','43.366667','-0.783333'),
	(74,'Auga','auga','64450','43.483333','-0.366667'),
	(75,'Auriac','auriac','64450','43.45','-0.3'),
	(76,'Aurions-Idernes','aurions-idernes','64350','43.533333','-0.133333'),
	(77,'Aussevielle','aussevielle','64230','43.35','-0.483333'),
	(78,'Aussurucq','aussurucq','64130','43.15','-0.933333'),
	(79,'Auterrive','auterrive','64270','43.466667','-1'),
	(80,'Autevielle-Saint-Martin-Bideren','autevielle-saint-martin-bideren','64390','43.383333','-0.966667'),
	(81,'Aydie','aydie','64330','43.566667','-0.1'),
	(82,'Aydius','aydius','64490','43','-0.533333'),
	(83,'Ayherre','ayherre','64240','43.383333','-1.25'),
	(84,'Baigts-de-Béarn','baigts-de-bearn','64300','43.516667','-0.833333'),
	(85,'Balansun','balansun','64300','43.483333','-0.7'),
	(86,'Baleix','baleix','64460','43.383333','-0.133333'),
	(87,'Baliracq-Maumusson','baliracq-maumusson','64330','43.55','-0.25'),
	(88,'Baliros','baliros','64510','43.233333','-0.3'),
	(89,'Banca','banca','64430','43.116667','-1.366667'),
	(90,'Barcus','barcus','64130','43.183333','-0.766667'),
	(91,'Bardos','bardos','64520','43.483333','-1.2'),
	(92,'Barinque','barinque','64160','43.4','-0.266667'),
	(93,'Barraute-Camu','barraute-camu','64390','43.383333','-0.9'),
	(94,'Barzun','barzun','64530','43.216667','-0.133333'),
	(95,'Bassillon-Vauzé','bassillon-vauze','64350','43.4564','-0.0752778'),
	(96,'Bassussarry','bassussarry','64200','43.45','-1.5'),
	(97,'Bastanès','bastanes','64190','43.35','-0.766667'),
	(98,'Baudreix','baudreix','64800','43.2','-0.25'),
	(99,'Bayonne','bayonne','64100','43.483333','-1.483333'),
	(100,'Bédeille','bedeille','64460','43.35','-0.1'),
	(101,'Bedous','bedous','64490','43','-0.6'),
	(102,'Béguios','beguios','64120','43.35','-1.083333'),
	(103,'Béhasque-Lapiste','behasque-lapiste','64120','43.333333','-1'),
	(104,'Béhorléguy','behorleguy','64220','43.133333','-1.116667'),
	(105,'Bellocq','bellocq','64270','43.516667','-0.916667'),
	(106,'Bénéjacq','benejacq','64800','43.2','-0.216667'),
	(107,'Bentayou-Sérée','bentayou-seree','64460','43.4','-0.066667'),
	(108,'Béost','beost','64440','43','-0.416667'),
	(109,'Bérenx','berenx','64300','43.5','-0.85'),
	(110,'Bergouey-Viellenave','bergouey-viellenave','64270','43.4228','0.943334'),
	(111,'Bernadets','bernadets','64160','43.383333','-0.283333'),
	(112,'Berrogain-Laruns','berrogain-laruns','64130','43.25','-0.85'),
	(113,'Bescat','bescat','64260','43.133333','-0.416667'),
	(114,'Bésingrand','besingrand','64150','43.366667','-0.566667'),
	(115,'Bétracq','betracq','64350','43.516667','-0.05'),
	(116,'Beuste','beuste','64800','43.216667','-0.233333'),
	(117,'Beyrie-en-Béarn','beyrie-en-bearn','64230','43.366667','-0.466667'),
	(118,'Beyrie-sur-Joyeuse','beyrie-sur-joyeuse','64120','43.3125','0.919168'),
	(119,'Biarritz','biarritz','64200','43.483333','-1.566667'),
	(120,'Bidache','bidache','64520','43.483333','-1.133333'),
	(121,'Bidarray','bidarray','64780','43.266667','-1.35'),
	(122,'Bidart','bidart','64210','43.433333','-1.583333'),
	(123,'Bidos','bidos','64400','43.1784','-0.605833'),
	(124,'Bielle','bielle','64260','43.05','-0.433333'),
	(125,'Bilhères','bilheres','64260','43.066667','-0.45'),
	(126,'Billère','billere','64140','43.3','-0.4'),
	(127,'Biriatou','biriatou','64700','43.333333','-1.741667'),
	(128,'Biron','biron','64300','43.466667','-0.733333'),
	(129,'Bizanos','bizanos','64320','43.283333','-0.35'),
	(130,'Boeil-Bezing','boeil-bezing','64510','43.216667','-0.266667'),
	(131,'Bonloc','bonloc','64240','43.366667','-1.266667'),
	(132,'Bonnut','bonnut','64300','43.55','-0.766667'),
	(133,'Borce','borce','64490','42.908333','-0.575'),
	(134,'Bordères','borderes','64800','43.2','-0.216667'),
	(135,'Bordes','bordes','64510','43.233333','-0.283333'),
	(136,'Bosdarros','bosdarros','64290','43.216667','-0.366667'),
	(137,'Boucau','boucau','64340','43.533333','-1.5'),
	(138,'Boueilh-Boueilho-Lasque','boueilh-boueilho-lasque','64330','43.55','-0.316667'),
	(139,'Bougarber','bougarber','64230','43.4','-0.466667'),
	(140,'Bouillon','bouillon','64410','43.5','-0.5'),
	(141,'Boumourt','boumourt','64370','43.433333','-0.516667'),
	(142,'Bourdettes','bourdettes','64800','43.2','-0.266667'),
	(143,'Bournos','bournos','64450','43.433333','-0.383333'),
	(144,'Briscous','briscous','64240','43.466667','-1.333333'),
	(145,'Bruges-Capbis-Mifaget','bruges-capbis-mifaget','64800','43.1273','-0.303056'),
	(146,'Bugnein','bugnein','64190','43.35','-0.783333'),
	(147,'Bunus','bunus','64120','43.216667','-1.066667'),
	(148,'Burgaronne','burgaronne','64390','43.416667','-0.9'),
	(149,'Buros','buros','64160','43.35','-0.3'),
	(150,'Burosse-Mendousse','burosse-mendousse','64330','43.516667','-0.216667'),
	(151,'Bussunarits-Sarrasquette','bussunarits-sarrasquette','64220','43.166667','-1.166667'),
	(152,'Bustince-Iriberry','bustince-iriberry','64220','43.183333','-1.183333'),
	(153,'Buziet','buziet','64680','43.133333','-0.466667'),
	(154,'Buzy','buzy','64260','43.133333','-0.45'),
	(155,'Cabidos','cabidos','64410','43.55','-0.466667'),
	(156,'Cadillon','cadillon','64330','43.533333','-0.15'),
	(157,'Cambo-les-Bains','cambo-les-bains','64250','43.366667','-1.4'),
	(158,'Came','came','64520','43.483333','-1.116667'),
	(159,'Camou-Cihigue','camou-cihigue','64470','43.116667','-0.9'),
	(160,'Cardesse','cardesse','64360','43.266667','-0.583333'),
	(161,'Caro','caro','64220','43.15','-1.216667'),
	(162,'Carrère','carrere','64160','43.466667','-0.283333'),
	(163,'Carresse-Cassaber','carresse-cassaber','64270','43.4781','-0.995278'),
	(164,'Castagnède','castagnede','64270','43.45','-0.983333'),
	(165,'Casteide-Cami','casteide-cami','64170','43.416667','-0.516667'),
	(166,'Casteide-Candau','casteide-candau','64370','43.516667','-0.566667'),
	(167,'Casteide-Doat','casteide-doat','64460','43.383333','-0.016667'),
	(168,'Castéra-Loubix','castera-loubix','64460','43.4','-0.033333'),
	(169,'Castet','castet','64260','43.066667','-0.416667'),
	(170,'Castetbon','castetbon','64190','43.383333','-0.783333'),
	(171,'Castétis','castetis','64300','43.466667','-0.716667'),
	(172,'Castetnau-Camblong','castetnau-camblong','64190','43.333333','-0.783333'),
	(173,'Castetner','castetner','64300','43.45','-0.75'),
	(174,'Castetpugon','castetpugon','64330','43.566667','-0.233333'),
	(175,'CastillonCantondArthez-de-Béarn','castilloncanton-darthez-de-bearn','64370','43.4653','-0.576111'),
	(176,'CastillonCantondeLembeye','castilloncanton-de-lembeye','64350','43.4803','-0.128056'),
	(177,'Caubios-Loos','caubios-loos','64230','43.416667','-0.4'),
	(178,'Cescau','cescau','64170','43.416667','-0.5'),
	(179,'Cette-Eygun','cette-eygun','64490','42.933333','-0.591667'),
	(180,'Charre','charre','64190','43.316667','-0.866667'),
	(181,'Charritte-de-Bas','charritte-de-bas','64130','43.3','-0.883333'),
	(182,'Chéraute','cheraute','64130','43.233333','-0.85'),
	(183,'Ciboure','ciboure','64500','43.383333','-1.666667'),
	(184,'Claracq','claracq','64330','43.5','-0.3'),
	(185,'Coarraze','coarraze','64800','43.166667','-0.233333'),
	(186,'Conchez-de-Béarn','conchez-de-bearn','64330','43.55','-0.166667'),
	(187,'Corbère-Abères','corbere-aberes','64350','43.4728','-0.0883333'),
	(188,'Coslédaà-Lube-Boast','cosledaa-lube-boast','64160','43.466667','-0.233333'),
	(189,'Coublucq','coublucq','64410','43.533333','-0.366667'),
	(190,'Crouseilles','crouseilles','64350','43.516667','-0.083333'),
	(191,'Cuqueron','cuqueron','64360','43.316667','-0.55'),
	(192,'Denguin','denguin','64230','43.366667','-0.5'),
	(193,'Diusse','diusse','64330','43.566667','-0.166667'),
	(194,'Doazon','doazon','64370','43.45','-0.55'),
	(195,'Dognen','dognen','64190','43.283333','-0.733333'),
	(196,'Domezain-Berraute','domezain-berraute','64120','43.333333','-0.966667'),
	(197,'Doumy','doumy','64450','43.45','-0.366667'),
	(198,'Eaux-Bonnes','eaux-bonnes','64440','42.975','-0.391667'),
	(199,'Escos','escos','64270','43.45','-1'),
	(200,'Escot','escot','64490','43.083333','-0.6'),
	(201,'Escou','escou','64870','43.183333','-0.533333'),
	(202,'Escoubès','escoubes','64160','43.416667','-0.233333'),
	(203,'Escout','escout','64870','43.183333','-0.55'),
	(204,'Escurès','escures','64350','43.466667','-0.116667'),
	(205,'Eslourenties-Daban','eslourenties-daban','64420','43.3','-0.133333'),
	(206,'Espéchède','espechede','64160','43.316667','-0.183333'),
	(207,'Espelette','espelette','64250','43.333333','-1.45'),
	(208,'Espès-Undurein','espes-undurein','64130','43.266667','-0.883333'),
	(209,'Espiute','espiute','64390','43.366667','-0.916667'),
	(210,'Espoey','espoey','64420','43.25','-0.166667'),
	(211,'Esquiule','esquiule','64400','43.2','-0.716667'),
	(212,'Estérençuby','esterencuby','64220','43.1','-1.183333'),
	(213,'Estialescq','estialescq','64290','43.216667','-0.55'),
	(214,'Estos','estos','64400','43.216667','-0.616667'),
	(215,'Etcharry','etcharry','64120','43.333333','-0.933333'),
	(216,'Etchebar','etchebar','64470','43.083333','-0.883333'),
	(217,'Etsaut','etsaut','64490','42.908333','-0.575'),
	(218,'Eysus','eysus','64400','43.133333','-0.583333'),
	(219,'Féas','feas','64570','43.166667','-0.683333'),
	(220,'Fichous-Riumayou','fichous-riumayou','64410','43.483333','-0.45'),
	(221,'Gabaston','gabaston','64160','43.366667','-0.2'),
	(222,'Gabat','gabat','64120','43.366667','-1.033333'),
	(223,'Gamarthe','gamarthe','64220','43.2','-1.133333'),
	(224,'Gan','gan','64290','43.233333','-0.383333'),
	(225,'Garindein','garindein','64130','43.216667','-0.9'),
	(226,'Garlède-Mondebat','garlede-mondebat','64450','43.5','-0.333333'),
	(227,'Garlin','garlin','64330','43.566667','-0.25'),
	(228,'Garos','garos','64410','43.5','-0.466667'),
	(229,'Garris','garris','64120','43.35','-1.05'),
	(230,'Gayon','gayon','64350','43.483333','-0.166667'),
	(231,'Gelos','gelos','64110','43.283333','-0.366667'),
	(232,'Ger','ger','64530','43.25','-0.05'),
	(233,'Gerderest','gerderest','64160','43.416667','-0.183333'),
	(234,'Gère-Bélesten','gere-belesten','64260','43.016667','-0.433333'),
	(235,'Géronce','geronce','64400','43.233333','-0.683333'),
	(236,'Gestas','gestas','64190','43.35','-0.883333'),
	(237,'Géus-dArzacq','geus-darzacq','64370','43.483333','-0.516667'),
	(238,'Geüs-dOloron','geus-doloron','64400','43.25','-0.7'),
	(239,'Goès','goes','64400','43.2','-0.583333'),
	(240,'Gomer','gomer','64420','43.25','-0.183333'),
	(241,'Gotein-Libarrenx','gotein-libarrenx','64130','43.2','-0.9'),
	(242,'Guéthary','guethary','64210','43.416667','-1.6'),
	(243,'Guiche','guiche','64520','43.516667','-1.2'),
	(244,'Guinarthe-Parenties','guinarthe-parenties','64390','43.383333','-0.95'),
	(245,'Gurmençon','gurmencon','64400','43.15','-0.6'),
	(246,'Gurs','gurs','64190','43.283333','-0.75'),
	(247,'Hagetaubin','hagetaubin','64370','43.516667','-0.616667'),
	(248,'Halsou','halsou','64480','43.366667','-1.416667'),
	(249,'Hasparren','hasparren','64240','43.383333','-1.3'),
	(250,'Haut-de-Bosdarros','haut-de-bosdarros','64800','43.183333','-0.316667'),
	(251,'Haux','haux','64470','43.083333','-0.85'),
	(252,'Hélette','helette','64640','43.3','-1.233333'),
	(253,'Hendaye','hendaye','64700','43.358333','-1.775'),
	(254,'Herrère','herrere','64680','43.166667','-0.533333'),
	(255,'Higuères-Souye','higueres-souye','64160','43.383333','-0.266667'),
	(256,'Hosta','hosta','64120','43.15','-1.083333'),
	(257,'Hours','hours','64420','43.233333','-0.166667'),
	(258,'Ibarrolle','ibarrolle','64120','43.2','-1.083333'),
	(259,'Idaux-Mendy','idaux-mendy','64130','43.183333','-0.916667'),
	(260,'Idron','idron','64320','43.2889','-0.311667'),
	(261,'Igon','igon','64800','43.166667','-0.233333'),
	(262,'Iholdy','iholdy','64640','43.283333','-1.166667'),
	(263,'Ilharre','ilharre','64120','43.383333','-1.033333'),
	(264,'Irissarry','irissarry','64780','43.266667','-1.233333'),
	(265,'Irouléguy','irouleguy','64220','43.183333','-1.3'),
	(266,'Ispoure','ispoure','64220','43.166667','-1.233333'),
	(267,'Issor','issor','64570','43.1','-0.666667'),
	(268,'Isturits','isturits','64240','43.366667','-1.2'),
	(269,'Itxassou','itxassou','64250','43.316667','-1.4'),
	(270,'Izeste','izeste','64260','43.092','-0.425833'),
	(271,'Jasses','jasses','64190','43.316667','-0.75'),
	(272,'Jatxou','jatxou','64480','43.383333','-1.433333'),
	(273,'Jaxu','jaxu','64220','43.2','-1.183333'),
	(274,'Jurançon','jurancon','64110','43.3','-0.383333'),
	(275,'Juxue','juxue','64120','43.233333','-1.05'),
	(276,'LaBastide-Clairence','la-bastide-clairence','64240','43.43','0.74389'),
	(277,'Laà-Mondrans','laa-mondrans','64300','43.45','-0.766667'),
	(278,'Laàs','laas','64390','43.383333','-0.85'),
	(279,'Labastide-Cézéracq','labastide-cezeracq','64170','43.383333','-0.533333'),
	(280,'Labastide-Monréjeau','labastide-monrejeau','64170','43.4','-0.516667'),
	(281,'Labastide-Villefranche','labastide-villefranche','64270','43.45','-1.016667'),
	(282,'Labatmale','labatmale','64530','43.183333','-0.15'),
	(283,'Labatut','labatut','64460','43.425','-0.016667'),
	(284,'Labets-Biscay','labets-biscay','64120','43.383333','-1.05'),
	(285,'Labeyrie','labeyrie','64300','43.533333','-0.616667'),
	(286,'Lacadée','lacadee','64300','43.533333','-0.65'),
	(287,'Lacarre','lacarre','64220','43.183333','-1.166667'),
	(288,'Lacarry-Arhan-Charritte-de-Haut','lacarry-arhan-charritte-de-haut','64470','43.085','-0.924444'),
	(289,'Lacommande','lacommande','64360','43.283333','-0.5'),
	(290,'Lacq','lacq','64170','43.416667','-0.633333'),
	(291,'Lagor','lagor','64150','43.383333','-0.65'),
	(292,'Lagos','lagos','64800','43.216667','-0.216667'),
	(293,'Laguinge-Restoue','laguinge-restoue','64470','43.1','-0.85'),
	(294,'Lahonce','lahonce','64990','43.483333','-1.383333'),
	(295,'Lahontan','lahontan','64270','43.533333','-0.966667'),
	(296,'Lahourcade','lahourcade','64150','43.35','-0.616667'),
	(297,'Lalongue','lalongue','64350','43.483333','-0.183333'),
	(298,'Lalonquette','lalonquette','64450','43.483333','-0.316667'),
	(299,'Lamayou','lamayou','64460','43.383333','-0.033333'),
	(300,'Lanne-en-Barétous','lanne-en-baretous','64570','43.1131','-0.759722'),
	(301,'Lannecaube','lannecaube','64350','43.483333','-0.216667'),
	(302,'Lanneplaà','lanneplaa','64300','43.45','-0.816667'),
	(303,'Lantabat','lantabat','64640','43.25','-1.116667'),
	(304,'Larceveau-Arros-Cibits','larceveau-arros-cibits','64120','43.233333','-1.083333'),
	(305,'Laroin','laroin','64110','43.3','-0.433333'),
	(306,'Larrau','larrau','64560','43.016667','-0.95'),
	(307,'Larressore','larressore','64480','43.366667','-1.433333'),
	(308,'Larreule','larreule','64410','43.483333','-0.466667'),
	(309,'Larribar-Sorhapuru','larribar-sorhapuru','64120','43.3','-1.016667'),
	(310,'Laruns','laruns','64440','42.983333','-0.416667'),
	(311,'Lasclaveries','lasclaveries','64450','43.433333','-0.283333'),
	(312,'Lasse','lasse','64220','43.15','-1.266667'),
	(313,'Lasserre','lasserre','64350','43.5145','-0.0833333'),
	(314,'Lasseube','lasseube','64290','43.233333','-0.483333'),
	(315,'Lasseubetat','lasseubetat','64290','43.166667','-0.45'),
	(316,'Lay-Lamidou','lay-lamidou','64190','43.283333','-0.716667'),
	(317,'Lecumberry','lecumberry','64220','43.133333','-1.133333'),
	(318,'Ledeuix','ledeuix','64400','43.216667','-0.616667'),
	(319,'Lée','lee','64320','43.283333','-0.283333'),
	(320,'Lées-Athas','lees-athas','64490','42.975','-0.616667'),
	(321,'Lembeye','lembeye','64350','43.45','-0.1'),
	(322,'Lème','leme','64450','43.5','-0.366667'),
	(323,'Léren','leren','64270','43.5','-1.033333'),
	(324,'Lescar','lescar','64230','43.333333','-0.416667'),
	(325,'Lescun','lescun','64490','42.933333','-0.591667'),
	(326,'Lespielle','lespielle','64350','43.4734','-0.144444'),
	(327,'Lespourcy','lespourcy','64160','43.366667','-0.15'),
	(328,'Lestelle-Bétharram','lestelle-betharram','64800','43.133333','-0.216667'),
	(329,'LHôpital-dOrion','lhopital-dorion','64270','43.433333','-0.85'),
	(330,'LHôpital-Saint-Blaise','lhopital-saint-blaise','64130','43.25','-0.766667'),
	(331,'Lichans-Sunhar','lichans-sunhar','64470','43.1','-0.866667'),
	(332,'Lichos','lichos','64130','43.3','-0.866667'),
	(333,'Licq-Athérey','licq-atherey','64560','43.066667','-0.866667'),
	(334,'Limendous','limendous','64420','43.283333','-0.183333'),
	(335,'Livron','livron','64530','43.233333','-0.133333'),
	(336,'Lohitzun-Oyhercq','lohitzun-oyhercq','64120','43.283333','-0.966667'),
	(337,'Lombia','lombia','64160','43.333333','-0.133333'),
	(338,'Lonçon','loncon','64410','43.466667','-0.416667'),
	(339,'Lons','lons','64140','43.316667','-0.4'),
	(340,'Loubieng','loubieng','64300','43.433333','-0.75'),
	(341,'Louhossoa','louhossoa','64250','43.316667','-1.35'),
	(342,'Lourdios-Ichère','lourdios-ichere','64570','43.05','-0.666667'),
	(343,'Lourenties','lourenties','64420','43.283333','-0.166667'),
	(344,'Louvie-Juzon','louvie-juzon','64260','43.1','-0.416667'),
	(345,'Louvie-Soubiron','louvie-soubiron','64440','43','-0.433333'),
	(346,'Louvigny','louvigny','64410','43.5','-0.45'),
	(347,'Luc-Armau','luc-armau','64350','43.4212','-0.0666667'),
	(348,'Lucarré','lucarre','64350','43.4','-0.083333'),
	(349,'Lucgarier','lucgarier','64420','43.233333','-0.183333'),
	(350,'Lucq-de-Béarn','lucq-de-bearn','64360','43.3','-0.666667'),
	(351,'Lurbe-Saint-Christau','lurbe-saint-christau','64660','43.116667','-0.616667'),
	(352,'Lussagnet-Lusson','lussagnet-lusson','64160','43.433333','-0.2'),
	(353,'Luxe-Sumberraute','luxe-sumberraute','64120','43.35','-1.083333'),
	(354,'Lys','lys','64260','43.133333','-0.35'),
	(355,'Macaye','macaye','64240','43.333333','-1.316667'),
	(356,'Malaussanne','malaussanne','64410','43.566667','-0.466667'),
	(357,'Mascaraàs-Haron','mascaraas-haron','64330','43.55','-0.216667'),
	(358,'Maslacq','maslacq','64300','43.433333','-0.7'),
	(359,'Masparraute','masparraute','64120','43.383333','-1.083333'),
	(360,'Maspie-Lalonquère-Juillacq','maspie-lalonquere-juillacq','64350','43.4228','-0.148611'),
	(361,'Maucor','maucor','64160','43.35','-0.283333'),
	(362,'Mauléon-Licharre','mauleon-licharre','64130','43.233333','-0.883333'),
	(363,'Maure','maure','64460','43.383333','-0.066667'),
	(364,'Mazères-Lezons','mazeres-lezons','64110','43.266667','-0.35'),
	(365,'Mazerolles','mazerolles','64230','43.45','-0.466667'),
	(366,'Méharin','meharin','64120','43.333333','-1.15'),
	(367,'Meillon','meillon','64510','43.266667','-0.316667'),
	(368,'Mendionde','mendionde','64240','43.35','-1.3'),
	(369,'Menditte','menditte','64130','43.166667','-0.9'),
	(370,'Mendive','mendive','64220','43.133333','-1.133333'),
	(371,'Méracq','meracq','64410','43.516667','-0.383333'),
	(372,'Méritein','meritein','64190','43.333333','-0.766667'),
	(373,'Mesplède','mesplede','64370','43.483333','-0.65'),
	(374,'Mialos','mialos','64410','43.5','-0.4'),
	(375,'Miossens-Lanusse','miossens-lanusse','64450','43.466667','-0.3'),
	(376,'Mirepeix','mirepeix','64800','43.183333','-0.25'),
	(377,'Momas','momas','64230','43.45','-0.433333'),
	(378,'Momy','momy','64350','43.4','-0.116667'),
	(379,'Monassut-Audiracq','monassut-audiracq','64160','43.416667','-0.2'),
	(380,'Moncaup','moncaup','64350','43.483333','-0.066667'),
	(381,'Moncayolle-Larrory-Mendibieu','moncayolle-larrory-mendibieu','64130','43.2659','-0.848056'),
	(382,'Moncla','moncla','64330','43.583333','-0.233333'),
	(383,'Monein','monein','64360','43.333333','-0.583333'),
	(384,'Monpezat','monpezat','64350','43.5','-0.066667'),
	(385,'Monségur','monsegur','64460','43.4318','-0.01679'),
	(386,'Mont','mont','64300','43.433333','-0.65'),
	(387,'Mont-Disse','mont-disse','64330','43.566667','-0.15'),
	(388,'Montagut','montagut','64410','43.566667','-0.5'),
	(389,'Montaner','montaner','64460','43.35','0'),
	(390,'Montardon','montardon','64121','43.366667','-0.35'),
	(391,'Montaut','montaut','64800','43.13','-0.200278'),
	(392,'Montfort','montfort','64190','43.366667','-0.85'),
	(393,'Montory','montory','64470','43.1','-0.816667'),
	(394,'Morlaàs','morlaas','64160','43.35','-0.266667'),
	(395,'Morlanne','morlanne','64370','43.516667','-0.533333'),
	(396,'Mouguerre','mouguerre','64990','43.466667','-1.416667'),
	(397,'Mouhous','mouhous','64330','43.483333','-0.25'),
	(398,'Moumour','moumour','64400','43.216667','-0.666667'),
	(399,'Mourenx','mourenx','64150','43.383333','-0.6'),
	(400,'Musculdy','musculdy','64130','43.2','-0.95'),
	(401,'Nabas','nabas','64190','43.333333','-0.866667'),
	(402,'Narcastet','narcastet','64510','43.25','-0.316667'),
	(403,'Narp','narp','64190','43.366667','-0.833333'),
	(404,'Navailles-Angos','navailles-angos','64450','43.416667','-0.333333'),
	(405,'Navarrenx','navarrenx','64190','43.333333','-0.75'),
	(406,'Nay','nay','64800','43.18','-0.262222'),
	(407,'Noguères','nogueres','64150','43.366667','-0.6'),
	(408,'Nousty','nousty','64420','43.266667','-0.216667'),
	(409,'Ogenne-Camptort','ogenne-camptort','64190','43.316667','-0.7'),
	(410,'Ogeu-les-Bains','ogeu-les-bains','64680','43.15','-0.5'),
	(411,'Oloron-Sainte-Marie','oloron-sainte-marie','64400','43.2','-0.6'),
	(412,'Oraàs','oraas','64390','43.433333','-0.983333'),
	(413,'Ordiarp','ordiarp','64130','43.183333','-0.933333'),
	(414,'Orègue','oregue','64120','43.4','-1.133333'),
	(415,'Orin','orin','64400','43.233333','-0.666667'),
	(416,'Orion','orion','64390','43.416667','-0.866667'),
	(417,'Orriule','orriule','64390','43.4','-0.866667'),
	(418,'Orsanco','orsanco','64120','43.3','-1.066667'),
	(419,'Orthez','orthez','64300','43.483333','-0.766667'),
	(420,'Os-Marsillon','os-marsillon','64150','43.383333','-0.616667'),
	(421,'Ossas-Suhare','ossas-suhare','64470','43.133333','-0.883333'),
	(422,'Osse-en-Aspe','osse-en-aspe','64490','43','-0.616667'),
	(423,'Ossenx','ossenx','64190','43.366667','-0.816667'),
	(424,'Osserain-Rivareyte','osserain-rivareyte','64390','43.383333','-0.95'),
	(425,'Ossès','osses','64780','43.233333','-1.283333'),
	(426,'Ostabat-Asme','ostabat-asme','64120','43.25','-1.066667'),
	(427,'Ouillon','ouillon','64160','43.316667','-0.233333'),
	(428,'Ousse','ousse','64320','43.283333','-0.266667'),
	(429,'Ozenx-Montestrucq','ozenx-montestrucq','64300','43.45','-0.783333'),
	(430,'Pagolle','pagolle','64120','43.233333','-0.983333'),
	(431,'Parbayse','parbayse','64360','43.333333','-0.55'),
	(432,'Pardies','pardies','64150','43.366667','-0.583333'),
	(433,'Pardies-Piétat','pardies-pietat','64800','43.216667','-0.3'),
	(434,'Pau','pau','64000','43.3','-0.366667'),
	(435,'Peyrelongue-Abos','peyrelongue-abos','64350','43.416667','-0.1'),
	(436,'Piets-Plasence-Moustrou','piets-plasence-moustrou','64410','43.516667','-0.5'),
	(437,'Poey-de-Lescar','poey-de-lescar','64230','43.35','-0.466667'),
	(438,'Poey-dOloron','poey-doloron','64400','43.25','-0.666667'),
	(439,'Pomps','pomps','64370','43.5','-0.533333'),
	(440,'Ponson-Debat-Pouts','ponson-debat-pouts','64460','43.333333','-0.033333'),
	(441,'Ponson-Dessus','ponson-dessus','64460','43.316667','-0.05'),
	(442,'Pontacq','pontacq','64530','43.183333','-0.116667'),
	(443,'Pontiacq-Viellepinte','pontiacq-viellepinte','64460','43.366667','-0.05'),
	(444,'Portet','portet','64330','43.566667','-0.183333'),
	(445,'Pouliacq','pouliacq','64410','43.533333','-0.35'),
	(446,'Poursiugues-Boucoue','poursiugues-boucoue','64410','43.55','-0.366667'),
	(447,'Préchacq-Josbaig','prechacq-josbaig','64190','43.266667','-0.716667'),
	(448,'Préchacq-Navarrenx','prechacq-navarrenx','64190','43.283333','-0.716667'),
	(449,'Précilhon','precilhon','64400','43.2','-0.583333'),
	(450,'Puyoô','puyoo','64270','43.533333','-0.916667'),
	(451,'Ramous','ramous','64270','43.516667','-0.9'),
	(452,'Rébénacq','rebenacq','64260','43.166667','-0.383333'),
	(453,'Ribarrouy','ribarrouy','64330','43.533333','-0.266667'),
	(454,'Riupeyrous','riupeyrous','64160','43.4','-0.233333'),
	(455,'Rivehaute','rivehaute','64190','43.35','-0.883333'),
	(456,'Rontignon','rontignon','64110','43.266667','-0.333333'),
	(457,'Roquiague','roquiague','64130','43.2','-0.833333'),
	(458,'Saint-Abit','saint-abit','64800','43.2','-0.3'),
	(459,'Saint-Armou','saint-armou','64160','43.416667','-0.3'),
	(460,'Saint-Boès','saint-boes','64300','43.533333','-0.8'),
	(461,'Saint-Castin','saint-castin','64160','43.383333','-0.3'),
	(462,'Saint-Dos','saint-dos','64270','43.466667','-1.016667'),
	(463,'Saint-Esteben','saint-esteben','64640','43.333333','-1.216667'),
	(464,'Saint-Etienne-de-Baïgorry','saint-etienne-de-baigorry','64430','43.166667','-1.35'),
	(465,'Saint-Faust','saint-faust','64110','43.266667','-0.45'),
	(466,'Saint-Girons','saint-girons','64300','43.55','-0.833333'),
	(467,'Saint-Gladie-Arrive-Munein','saint-gladie-arrive-munein','64390','43.383333','-0.933333'),
	(468,'Saint-Goin','saint-goin','64400','43.25','-0.7'),
	(469,'Saint-Jammes','saint-jammes','64160','43.35','-0.25'),
	(470,'Saint-Jean-de-Luz','saint-jean-de-luz','64500','43.383333','-1.666667'),
	(471,'Saint-Jean-le-Vieux','saint-jean-le-vieux','64220','43.166667','-1.183333'),
	(472,'Saint-Jean-Pied-de-Port','saint-jean-pied-de-port','64220','43.166667','-1.233333'),
	(473,'Saint-Jean-Poudge','saint-jean-poudge','64330','43.533333','-0.183333'),
	(474,'Saint-Just-Ibarre','saint-just-ibarre','64120','43.2','-1.05'),
	(475,'Saint-Laurent-Bretagne','saint-laurent-bretagne','64160','43.383333','-0.2'),
	(476,'Saint-Martin-dArberoue','saint-martin-darberoue','64640','43.35','-1.2'),
	(477,'Saint-Martin-dArrossa','saint-martin-darrossa','64780','43.233333','-1.316667'),
	(478,'Saint-Médard','saint-medard','64370','43.533333','-0.583333'),
	(479,'Saint-Michel','saint-michel','64220','43.133333','-1.216667'),
	(480,'Saint-Palais','saint-palais','64120','43.333333','-1.033333'),
	(481,'Saint-Pé-de-Léren','saint-pe-de-leren','64270','43.483333','-1.033333'),
	(482,'Saint-Pée-sur-Nivelle','saint-pee-sur-nivelle','64310','43.35','-1.55'),
	(483,'Saint-Pierre-dIrube','saint-pierre-dirube','64990','43.483333','-1.466667'),
	(484,'Saint-Vincent','saint-vincent','64800','43.158333','-0.15'),
	(485,'Sainte-Colome','sainte-colome','64260','43.1','-0.4'),
	(486,'Sainte-Engrâce','sainte-engrace','64560','43','-0.816667'),
	(487,'Salies-de-Béarn','salies-de-bearn','64270','43.483333','-0.916667'),
	(488,'Salles-Mongiscard','salles-mongiscard','64300','43.5','-0.833333'),
	(489,'Sallespisse','sallespisse','64300','43.533333','-0.716667'),
	(490,'Sames','sames','64520','43.516667','-1.15'),
	(491,'Samsons-Lion','samsons-lion','64350','43.433333','-0.116667'),
	(492,'Sare','sare','64310','43.316667','-1.583333'),
	(493,'Sarpourenx','sarpourenx','64300','43.45','-0.7'),
	(494,'Sarrance','sarrance','64490','43.05','-0.6'),
	(495,'Saubole','saubole','64420','43.316667','-0.116667'),
	(496,'Saucède','saucede','64400','43.266667','-0.683333'),
	(497,'Sauguis-Saint-Etienne','sauguis-saint-etienne','64470','43.15','-0.883333'),
	(498,'Sault-de-Navailles','sault-de-navailles','64300','43.55','-0.666667'),
	(499,'Sauvagnon','sauvagnon','64230','43.4','-0.383333'),
	(500,'Sauvelade','sauvelade','64150','43.4','-0.7'),
	(501,'Sauveterre-de-Béarn','sauveterre-de-bearn','64390','43.3995','-0.939722'),
	(502,'Séby','seby','64410','43.483333','-0.4'),
	(503,'Sedze-Maubecq','sedze-maubecq','64160','43.35','-0.116667'),
	(504,'Sedzère','sedzere','64160','43.35','-0.166667'),
	(505,'Séméacq-Blachon','semeacq-blachon','64350','43.5','-0.116667'),
	(506,'Sendets','sendets','64320','43.2967','-0.260556'),
	(507,'Serres-Castet','serres-castet','64121','43.383333','-0.35'),
	(508,'Serres-Morlaàs','serres-morlaas','64160','43.333333','-0.25'),
	(509,'Serres-Sainte-Marie','serres-sainte-marie','64170','43.416667','-0.55'),
	(510,'Sévignacq','sevignacq','64160','43.4417','-0.262778'),
	(511,'Sévignacq-Meyracq','sevignacq-meyracq','64260','43.116667','-0.416667'),
	(512,'Simacourbe','simacourbe','64350','43.45','-0.166667'),
	(513,'Siros','siros','64230','43.35','-0.483333'),
	(514,'Soumoulou','soumoulou','64420','43.266667','-0.183333'),
	(515,'Souraïde','souraide','64250','43.35','-1.466667'),
	(516,'Suhescun','suhescun','64780','43.233333','-1.2'),
	(517,'Sus','sus','64190','43.3','-0.766667'),
	(518,'Susmiou','susmiou','64190','43.316667','-0.766667'),
	(519,'Tabaille-Usquain','tabaille-usquain','64190','43.366667','-0.9'),
	(520,'Tadousse-Ussau','tadousse-ussau','64330','43.55','-0.183333'),
	(521,'Tardets-Sorholus','tardets-sorholus','64470','43.116667','-0.85'),
	(522,'Taron-Sadirac-Viellenave','taron-sadirac-viellenave','64330','43.516667','-0.25'),
	(523,'Tarsacq','tarsacq','64360','43.35','-0.533333'),
	(524,'Thèze','theze','64450','43.483333','-0.35'),
	(525,'Trois-Villes','trois-villes','64470','43.133333','-0.866667'),
	(526,'Uhart-Cize','uhart-cize','64220','43.166667','-1.233333'),
	(527,'Uhart-Mixe','uhart-mixe','64120','43.283333','-1.016667'),
	(528,'Urcuit','urcuit','64990','43.483333','-1.333333'),
	(529,'Urdès','urdes','64370','43.45','-0.583333'),
	(530,'Urdos','urdos','64490','42.875','-0.558333'),
	(531,'Urepel','urepel','64430','43.066667','-1.416667'),
	(532,'Urost','urost','64160','43.333333','-0.15'),
	(533,'Urrugne','urrugne','64122','43.358333','-1.7'),
	(534,'Urt','urt','64240','43.5','-1.283333'),
	(535,'Ustaritz','ustaritz','64480','43.4','-1.45'),
	(536,'Uzan','uzan','64370','43.483333','-0.5'),
	(537,'Uzein','uzein','64230','43.4','-0.433333'),
	(538,'Uzos','uzos','64110','43.266667','-0.333333'),
	(539,'Verdets','verdets','64400','43.233333','-0.65'),
	(540,'Vialer','vialer','64330','43.5','-0.166667'),
	(541,'Viellenave-dArthez','viellenave-darthez','64170','43.416667','-0.483333'),
	(542,'Viellenave-de-Navarrenx','viellenave-de-navarrenx','64190','43.35','-0.783333'),
	(543,'Vielleségure','viellesegure','64150','43.35','-0.683333'),
	(544,'Vignes','vignes','64410','43.516667','-0.416667'),
	(545,'Villefranque','villefranque','64990','43.433333','-1.45'),
	(546,'Viodos-Abense-de-Bas','viodos-abense-de-bas','64130','43.25','-0.883333'),
	(547,'Viven','viven','64450','43.466667','-0.366667');

/*!40000 ALTER TABLE `communes` ENABLE KEYS */;
UNLOCK TABLES;


# Affichage de la table producteurs
# ------------------------------------------------------------

DROP TABLE IF EXISTS `producteurs`;

CREATE TABLE `producteurs` (
  `id` int(11) NOT NULL AUTO_INCREMENT,
  `nom` char(100) NOT NULL,
  `maison` char(100) DEFAULT NULL,
  `mail` char(30) DEFAULT NULL,
  `tel` char(20) DEFAULT NULL,
  `fk_commune_id` int(11) DEFAULT NULL,
  PRIMARY KEY (`id`),
  KEY `fk_commune_id` (`fk_commune_id`),
  CONSTRAINT `producteurs_ibfk_1` FOREIGN KEY (`fk_commune_id`) REFERENCES `communes` (`id`)
) ENGINE=InnoDB DEFAULT CHARSET=utf8;

LOCK TABLES `producteurs` WRITE;
/*!40000 ALTER TABLE `producteurs` DISABLE KEYS */;

INSERT INTO `producteurs` (`id`, `nom`, `maison`, `mail`, `tel`, `fk_commune_id`)
VALUES
	(1,'CAMINO Kattin','ARGAIA','camino.kattin@orange.fr','0559370665',46),
	(2,'FORSANS Frédéric','FERME PELLOENEA','pelloenea@free.fr','0695254437',269),
	(3,'KRATOCHVIL Claude','FERME JAIKO BORDA','claude.kratochvil@gmail.com','0559372850',11),
	(4,'ETCHEBERRY Marcel','FERME PAPETERIA','marceletcheberry739@orange;fr','0559285381',331),
	(5,'LASTIRI Laurence','FERME PINPIRINA','laurencelastiri@orange.fr','0559297882',269),
	(6,'CASTILLON Maritxu et Henri - MATEUA (GAEC)','FERME MATEUA','maritxu.castillon@orange.fr','0559361097',211),
	(7,'ETCHEGARAY Jean-Michel','FERME XEMIANIA','contact@xemiania.com','0559091686',102),
	(8,'NABARRA Dorothée','FERME APEZETXEA','dorothee.apezetxe@orange.fr','0559285955',288),
	(9,'UNTSAIN Mikela','FERME PATINENEA','patinenea@gmail.com','0559544007',63),
	(10,'OHETA (GAEC) : Sylvie et Jean-Michel BRUST','FERME OHETA','oheta@orange.fr','0559377458',477),
	(11,'LAVIS Anne','FERME ESKANDA','','0559280106',457),
	(12,'GOYHEXIA (GAEC) : Johaine ETCHEMENDY, Charlotte et Sacha STANDEN)','FERME GOHETXIA','','0559285159',525),
	(13,'AIRE Miren','FERME ITURRIBELTZEA','miren.aire@wanadoo.fr','0559375877',531),
	(14,'CHARRON Benjamin','FERME CONTOURLOENEA','benjacharron@gmail.com','0559552218',535),
	(15,'EKIBEGIA (GAEC) : Beñat NEGUELOUA, Peio JAUREGUY, Mikel NEGUELOUA','FERME EKIBEGIA','ekibegia@gmail.com','0559378187',474),
	(16,'BELAZKABIETA : Panpi OLAIZOLA et Leire ITURRALDE','FERME BELAZKABIETA','gaecbelazkabieta@gmail.com','0559529802',207),
	(17,'BEATENE (GAEC) :Sylvie et Jean-Pascal LOPEPE','FERME BEATENIA','','0559378030',474),
	(18,'ARROKIAIA (GAEC) : Johan et Xabi HARLOUCHET','FERME ARROKIAIA','johanha@hotmail.fr','0786394586',8),
	(19,'ITSAS MENDI (GAEC) : Maryse et Patxi Doyharçabal','FERME ITSAS MENDI','','0559419608',34),
	(20,'SORHONDO Paxkal','FERME BARBERANIA','','0688329937',89),
	(21,'JARA XOLAN (EARL) Marie-Pierre et Jean-Michel, Pampi ERRAMOUN)','FERME JAUBERRIA','jean-michel.erramoun@orange.fr','0559491023',64),
	(22,'ETCHEVERRY Pantxo','APATESARO','pantxo.etcheverry@wanadoo.fr','0684195574',131),
	(23,'ELORRI XURI (GAEC) : Yvonne AMESTOY et Jean-Baptiste VALLEE','FERME SOHATIA','elorri.xuri@yahoo.fr','0559377479',477),
	(24,'LUMA - Bernadette PREBENDE','','bernadette.prebende@orange.fr','0643648778',222),
	(25,'HAMEKA - Mignaberrigaray Claude et Iñaki','FERMA HAMEKA','ferme.hameka@orange.fr','0558483475',50),
	(26,'HARANEA (GAEC) : Christian Aguerre, Gilles Billaud, Martine Bouquerot)','FERME HARANEA','aguerre.christian@wanadoo.fr','0559939243',269),
	(27,'EYHARTZEA : BERHO Jean-Michel','FERME EYHARTZEA','ferme@eyhartzea.com','0547959514',196),
	(28,'IHITIA - famille URBISTONDO','FERME IHITIA','joana.urbistondo@hotmail.fr','0559542216',492),
	(29,'IRABAZI ARTE (GAEC) : Ttele Leizagoien et Arño Thicoipe)','FERME MANTENUNEA','irabazi.arte@orange.fr','0559659123',18),
	(30,'RECA Oihana, Intza et Elorri - KIXKA XILO (GAEC)','FERME LARRALDEA','larraldea@outlook.com','0559378165',474),
	(31,'ELISSETCHE Kaiet','FERME SURAIA','elissetche.k@wanadoo.fr','0689371696',121),
	(32,'OLCOMENDY Dominique et Yolande','FERME ENAUTENEA','','0559375826',16),
	(33,'URRIZAGA Antton','FERME PELLOENEA','antton.urrizaga@gmail.com','0559491707',46),
	(34,'ECHECOLANEA Monique et Gabriel','FERME UHALDEA','gabriel.echecolanea@wanadoo.fr','0559374969',89),
	(35,'JORAJURIA Céline','GOXAGORRI','celinejora@hotmail.fr','0682598796',355),
	(36,'XOTILDEIA (GAEC) : Libe SUBRECHICOT et Jean Michel URRUTY','GAEC XOTILDEIA','xotildeia@gmail.com','0559377469',45),
	(37,'IXURIBEHEREA (GAEC) : Maina Ithurralde, Mizel Etcheberry.','FERME IXURIBEHEREA','ixuribeherea@gmail.com','0659968188',83),
	(38,'AMEZTIA (EARL) : Gexan COSTERA','FERME AMEZTIA','ameztia@orange.fr','0559379368',464),
	(39,'MAITIA Jean Mixel','FERME XALTOINIA','','0559370287',212),
	(40,'ESNEKIAK (GAEC) : Emilie et Andde DUBOIS','FERME UHALDEGARAIA','','0559702328',368),
	(41,'CHAMALBIDE Jean-Michel','FERME URRITXORDOKIA','jeanmichelchamalbide@gmail.com','0559491344',266),
	(42,'ENEKO LE MARAÎCHER','Eneko Escuer Duch','maraichereneko.64@gmail.com','0781704584',252),
	(43,'AGERREGAIA (GAEC) : Madouce ARAGUAS et Erramun ETCHECOPAR','FERME AGERREGAIA','erramunetxe@gmail.com','0559282869',241),
	(44,'HOQUI Thérèse et Bettan - JAUREGIZAHAR (GAEC)','FERME JAUREGIZAHAR','','0559285811',497),
	(45,'LEURGORRY Marie-Claire','FERME IRAGOINEGARAIA','mclaireleurgorry@orange.fr','0559285445',288),
	(46,'BETI AINTZINA (GAEC) : Sabrina Larzabal & Julen Perez','Ferme Xeminategia','contact@beti-aintzina.com','0988033702',336),
	(47,'LOUSTAU Patrick','FERME AHETZETXEGOHENEA','patrick.nicole.loustau@neuf.fr','0559191477',413),
	(48,'XOKOA (GAEC) : Alain et Bixente OCAFRAIN','FERME XOKOA','alain.ocafrain@orange.fr','0559370664',26),
	(49,'Jean-Baptiste HALTY','BIPERENIA','jeanbaptistehalty@gmail.com','0627832712',207),
	(50,'SAÜT Monique et Henri','FERME ELIZABEA','henri.saut@orange.fr','0559287324',288),
	(51,'RECALDE Hervé et Chantal','FERME TTUKULUA','herve.recalde@neuf.fr','0630925906',249),
	(52,'ESNE LUMA - Pantxika PREDAIGNE','ESNE LUMA','','0559378120',426),
	(53,'DOMINI Alain','FERME KAIKU BORDA','','0559656566',118),
	(54,'BORTHEIRIE Maurice','FERME XIPITEIA','','0559376053',252),
	(55,'ARBELBIDE Mizel','FERME BIZKAIA','michel.arbelbide@orange.fr','0678860103',252),
	(56,'DUHALDE Maite et Benat','FERME BETIRISASTEA','maiteaiherra@gmail.com','0559296879',83),
	(57,'OREGUY Jean Michel','FERME MENDIALDE','oreguy.jm@gmail.com','0674805287',89),
	(58,'EYHERABIDE Beñat et SUZANNE Nathalie','FERME ELURTI','ferme.elurti@gmail.com','0676239709',64),
	(59,'BERTROU Julien','LOREZ LORE','lorezlore@outlook.com','',269),
	(60,'AGERREA (GAEC) : Olivier DOYHENARD et Olivier GERVAIS)','FERME AGERREA','arbona.agerrea@gmail.com','0782291801',34),
	(61,'DUHALDE Jean Paul eta Janbattitt - XEDARRIA (GAEC)','FERME XEDARRIA','xedarri@wanadoo.fr','0559296451',83),
	(62,'MICHELENA Stéphane','IRAZABAL BEHERIA','efanfan@orange.fr','0618208489',207),
	(63,'ABBADIE Lise-May et Arnaud','FERME LARRALDIA','larraldia@orange.fr','0559658079',19),
	(64,'AIRE Xole','FERME XALBADORRENEA','xole.aire@orange.fr','0685605587',531),
	(65,'ETCHART Jean-Marc','FERME KURUTXETA','jmetchart@orange.fr','0559371856',370),
	(66,'ELISSALDE Christophe','ATHARRI','christophe.elissalde@orange.fr','0559293030',269),
	(67,'HURPEAU Vincent','FERME USTE GABEA','hurpeau.vincent@neuf.fr','0559939399',207),
	(68,'VAUGON Yann','OIHENARTIA','yann.vaugon@nordnet.fr','0624474465',521),
	(69,'AINCY Dominique','FERME GARAIKOETXEA','','0559296216',249),
	(70,'FOURCADE Alain et Sylvie','FERME XUHASTIA','','0559659209',102),
	(71,'UTHURRALT Mikele et Filipe - KOKOITXE (GAEC)','FERME KOKOITXE','uthurralt@hotmail.fr','0559281580',381),
	(72,'ATALAI (GAEC) : Maider GOYHENEIX et Jean-Marc CACHENAUT','FERME MENDDIA','gaec.atalai@yahoo.fr','0559373218',317),
	(73,'PLANCQ Florence et Yohan','FERME ETXARTIA','plancqfamiliak@orange.fr','0621503540',249),
	(74,'BONNET Jon','BONNET Jon','bonnetjon@gmail.com','0642557726',91),
	(75,'BIXARTEA (GAEC) : SALLABERRY Patrick et MINABERRY Corinne','FERME BIXARTEIA','minaberry.sallaberry@yahoo.fr','0559291699',83),
	(76,'GARATEA : Peio ELICEITS','FERME GARATEA','eliceitspeio@hotmail.fr','0559376038',516),
	(77,'IROLA David etChristelle','FERME PAULENIA','david.irola@sfr.fr','0559372692',212),
	(78,'UTHURRIAGUE Andde et Pantxika - ELGAPIA (EARL)','FERME AROTXEX','elgapia@orange.fr','0559287520',421),
	(79,'SABAROTS Eztitxu','MAMIÑO','eztitxu.sabarots@orange.fr','0559375602',16),
	(80,'BI HERRI (GAEC) : Argitxu et Estebe OURET','FERME ETXEBERRIGARAIA','','0559370665',11),
	(81,'OCAFRAIN Jean-Marie - LEKAIO (GAEC)','FERME LEKAIO','lekaio@wanadoo.fr','0559374351',89),
	(82,'CABRERO Arrate','FERME EMEKI','arrate3@gmail.com','0650035972',515),
	(83,'Odile FABREGUE et Christian VARIN','AHALEN LURRAK','cdvarin@yahoo.fr','0652585186',18),
	(84,'ARTZAINAK (GAEC) : Anne-Lise et Boris MOURARET','FERME LE CHÂTEAU','artzain@nordnet.fr','0559291283',276);

/*!40000 ALTER TABLE `producteurs` ENABLE KEYS */;
UNLOCK TABLES;


# Affichage de la table producteurs_categories
# ------------------------------------------------------------

DROP TABLE IF EXISTS `producteurs_categories`;

CREATE TABLE `producteurs_categories` (
  `fk_producteur_id` int(11) NOT NULL,
  `fk_cat_produit_id` int(11) NOT NULL,
  KEY `fk_producteur_id` (`fk_producteur_id`),
  KEY `fk_cat_produit_id` (`fk_cat_produit_id`),
  CONSTRAINT `producteurs_categories_ibfk_1` FOREIGN KEY (`fk_producteur_id`) REFERENCES `producteurs` (`id`),
  CONSTRAINT `producteurs_categories_ibfk_2` FOREIGN KEY (`fk_cat_produit_id`) REFERENCES `cat_produits` (`id`)
) ENGINE=InnoDB DEFAULT CHARSET=utf8;

LOCK TABLES `producteurs_categories` WRITE;
/*!40000 ALTER TABLE `producteurs_categories` DISABLE KEYS */;

INSERT INTO `producteurs_categories` (`fk_producteur_id`, `fk_cat_produit_id`)
VALUES
	(1,1),
	(1,2),
	(2,3),
	(2,4),
	(3,5),
	(3,2),
	(4,6),
	(5,7),
	(6,8),
	(6,9),
	(7,8),
	(7,10),
	(8,6),
	(9,11),
	(10,12),
	(10,13),
	(10,6),
	(11,14),
	(12,12),
	(12,13),
	(12,15),
	(13,16),
	(14,7),
	(15,16),
	(15,8),
	(15,9),
	(16,9),
	(16,17),
	(16,7),
	(16,10),
	(17,1),
	(18,18),
	(19,6),
	(19,19),
	(20,1),
	(21,6),
	(21,15),
	(22,1),
	(23,6),
	(23,2),
	(24,20),
	(24,21),
	(25,22),
	(26,3),
	(26,23),
	(26,15),
	(26,7),
	(26,10),
	(27,22),
	(27,24),
	(28,1),
	(28,6),
	(28,15),
	(28,2),
	(28,24),
	(29,16),
	(29,15),
	(29,9),
	(30,1),
	(30,6),
	(30,2),
	(30,25),
	(31,6),
	(31,2),
	(32,1),
	(33,1),
	(33,15),
	(34,15),
	(35,25),
	(35,24),
	(36,17),
	(36,26),
	(37,14),
	(37,27),
	(37,28),
	(38,29),
	(39,1),
	(40,30),
	(41,6),
	(42,19),
	(43,12),
	(43,13),
	(44,1),
	(44,15),
	(45,6),
	(46,22),
	(47,6),
	(48,1),
	(49,7),
	(50,1),
	(51,1),
	(51,21),
	(52,31),
	(53,16),
	(54,3),
	(55,6),
	(56,16),
	(56,9),
	(57,1),
	(58,1),
	(59,4),
	(60,12),
	(60,13),
	(61,1),
	(61,6),
	(61,15),
	(62,7),
	(62,10),
	(63,8),
	(63,26),
	(64,6),
	(64,15),
	(64,2),
	(65,16),
	(65,9),
	(66,26),
	(66,7),
	(67,7),
	(68,1),
	(69,12),
	(70,22),
	(71,1),
	(72,1),
	(73,23),
	(74,1),
	(74,2),
	(75,1),
	(76,1),
	(77,1),
	(77,25),
	(78,6),
	(79,25),
	(80,1),
	(80,2),
	(81,6),
	(81,15),
	(81,2),
	(82,11),
	(83,26),
	(83,32),
	(83,33),
	(83,32),
	(84,1);

/*!40000 ALTER TABLE `producteurs_categories` ENABLE KEYS */;
UNLOCK TABLES;


# Affichage de la table reco_produits
# ------------------------------------------------------------

DROP TABLE IF EXISTS `reco_produits`;

CREATE TABLE `reco_produits` (
  `article` char(100) NOT NULL,
  `cat_id` int(11) NOT NULL,
  UNIQUE KEY `article` (`article`)
) ENGINE=InnoDB DEFAULT CHARSET=utf8;

LOCK TABLES `reco_produits` WRITE;
/*!40000 ALTER TABLE `reco_produits` DISABLE KEYS */;

INSERT INTO `reco_produits` (`article`, `cat_id`)
VALUES
	('agrumes',5),
	('ail',2),
	('assortiment',2),
	('aubergine',2),
	('autre',4),
	('betterave',2),
	('beurre',9),
	('blette',2),
	('breuil',9),
	('carotte',2),
	('celeri',2),
	('cerises',2),
	('chou',2),
	('ciboulette',2),
	('compote',1),
	('concombre',2),
	('confiture',1),
	('coulis',10),
	('courge',2),
	('creme fraiche',9),
	('echalote',2),
	('epinard',2),
	('farine',1),
	('fenouil',2),
	('feves',2),
	('fromage blanc',9),
	('fromage de brebis fermier',16),
	('fromage de chèvre',16),
	('fromage de vache affiné',13),
	('fromage pérail de brebis',16),
	('haricots verts',2),
	('huile',6),
	('jus ou sirop',1),
	('kiwi',5),
	('lait',9),
	('mamia',9),
	('melon',3),
	('miel',1),
	('navet',2),
	('oeufs',7),
	('oignon',2),
	('pain d\'épices',1),
	('pastèque',2),
	('pâte à tartiner',1),
	('pâtes',6),
	('patidou',2),
	('pêches',2),
	('persil',2),
	('petit pois',2),
	('piment',1),
	('pintade',7),
	('poireaux',2),
	('poivron',2),
	('polenta',1),
	('pollen',1),
	('pomme de terre',2),
	('pommes',2),
	('potimarron',2),
	('poule',14),
	('poulet',8),
	('radis',2),
	('salade',2),
	('savon',1),
	('soupe',1),
	('tisane',15),
	('tomate',2),
	('tomme de vache fraîche',13),
	('viande de chèvre ou chevreau',12),
	('viande de porc',11),
	('viande de veau',11),
	('vin ou cidre',1),
	('yaourt',9);

/*!40000 ALTER TABLE `reco_produits` ENABLE KEYS */;
UNLOCK TABLES;



/*!40111 SET SQL_NOTES=@OLD_SQL_NOTES */;
/*!40101 SET SQL_MODE=@OLD_SQL_MODE */;
/*!40014 SET FOREIGN_KEY_CHECKS=@OLD_FOREIGN_KEY_CHECKS */;
/*!40101 SET CHARACTER_SET_CLIENT=@OLD_CHARACTER_SET_CLIENT */;
/*!40101 SET CHARACTER_SET_RESULTS=@OLD_CHARACTER_SET_RESULTS */;
/*!40101 SET COLLATION_CONNECTION=@OLD_COLLATION_CONNECTION */;
